"feature","p_value","odds_ratio","prop_Group_A","prop_Group_B","abs_diff","padj","enriched_in"
"ERAP1_C",1.53400502270781e-11,0,0.833333333333333,0,0.833333333333333,1.19882492524616e-08,"Group_A"
"Peptidase_M1",1.53400502270781e-11,0,0.833333333333333,0,0.833333333333333,1.19882492524616e-08,"Group_A"
"Neur_chan_LBD",1.08970246717733e-09,0.00920134021163796,0.944444444444444,0.119047619047619,0.825396825396825,1.8924499513313e-07,"Group_A"
"Neur_chan_memb",1.08970246717733e-09,0.00920134021163796,0.944444444444444,0.119047619047619,0.825396825396825,1.8924499513313e-07,"Group_A"
"Ras",8.66577707013964e-10,0.0114983143361047,0.888888888888889,0.0714285714285714,0.817460317460317,1.8924499513313e-07,"Group_A"
"Y_phosphatase",2.30100753406172e-10,0.00610696429088827,0.833333333333333,0.0238095238095238,0.80952380952381,5.99412462623078e-08,"Group_A"
"Pkinase_Tyr",4.13488405306898e-09,0.01522862917477,0.888888888888889,0.0952380952380952,0.793650793650794,4.61630269639059e-07,"Group_A"
"Ldl_recept_a",1.83104417710486e-09,0.0119493331249536,0.833333333333333,0.0476190476190476,0.785714285714286,2.38493504067908e-07,"Group_A"
"Hormone_recep",1.76410577611399e-10,0,0.777777777777778,0,0.777777777777778,5.51459465613232e-08,"Group_A"
"Peptidase_C1",1.76410577611399e-10,0,0.777777777777778,0,0.777777777777778,5.51459465613232e-08,"Group_A"
"zf-C4",1.76410577611399e-10,0,0.777777777777778,0,0.777777777777778,5.51459465613232e-08,"Group_A"
"fn3",1.65544481680781e-08,0.0191089116015464,0.888888888888889,0.119047619047619,0.76984126984127,1.26748489823753e-06,"Group_A"
"MFS_1",2.43139796099188e-09,0.00833500346391864,0.777777777777778,0.0238095238095238,0.753968253968254,2.92328847156178e-07,"Group_A"
"BTB",1.78404784140919e-08,0.0165108275150163,0.777777777777778,0.0476190476190476,0.73015873015873,1.26748489823753e-06,"Group_A"
"EF-hand_5",1.78404784140919e-08,0.0165108275150163,0.777777777777778,0.0476190476190476,0.73015873015873,1.26748489823753e-06,"Group_A"
"COesterase",1.65825942954715e-09,0,0.722222222222222,0,0.722222222222222,2.35623589852927e-07,"Group_A"
"DDE_3",1.65825942954715e-09,0,0.722222222222222,0,0.722222222222222,2.35623589852927e-07,"Group_A"
"p450",1.80581525376629e-07,0.0274812836189182,0.888888888888889,0.166666666666667,0.722222222222222,9.10480400527971e-06,"Group_A"
"EF-hand_1",1.41113122038893e-07,0.0217091549972236,0.722222222222222,0.0476190476190476,0.674603174603175,7.60551068092376e-06,"Group_A"
"Astacin",1.32660754363772e-08,0,0.666666666666667,0,0.666666666666667,1.09130925826619e-06,"Group_A"
"Lipase_2",1.32660754363772e-08,0,0.666666666666667,0,0.666666666666667,1.09130925826619e-06,"Group_A"
"Metallophos",1.32660754363772e-08,0,0.666666666666667,0,0.666666666666667,1.09130925826619e-06,"Group_A"
"Sugar_tr",1.32660754363772e-08,0,0.666666666666667,0,0.666666666666667,1.09130925826619e-06,"Group_A"
"UDPGT",1.32660754363772e-08,0,0.666666666666667,0,0.666666666666667,1.09130925826619e-06,"Group_A"
"SH2",1.52559867518337e-07,0.0138471149346785,0.666666666666667,0.0238095238095238,0.642857142857143,7.94836909770536e-06,"Group_A"
"CUB",9.42385305600093e-07,0.027733663144681,0.666666666666667,0.0476190476190476,0.619047619047619,3.59255666500718e-05,"Group_A"
"EF-hand_6",9.42385305600093e-07,0.027733663144681,0.666666666666667,0.0476190476190476,0.619047619047619,3.59255666500718e-05,"Group_A"
"Collagen",9.28625280546404e-08,0,0.611111111111111,0,0.611111111111111,5.18371897676439e-06,"Group_A"
"LIM",9.28625280546404e-08,0,0.611111111111111,0,0.611111111111111,5.18371897676439e-06,"Group_A"
"Lipase_GDSL_2",9.28625280546404e-08,0,0.611111111111111,0,0.611111111111111,5.18371897676439e-06,"Group_A"
"MAM",9.28625280546404e-08,0,0.611111111111111,0,0.611111111111111,5.18371897676439e-06,"Group_A"
"Pkinase",1.03130947683359e-05,0.0311742564707509,0.944444444444444,0.333333333333333,0.611111111111111,0.000287426998460734,"Group_A"
"ShK",9.28625280546404e-08,0,0.611111111111111,0,0.611111111111111,5.18371897676439e-06,"Group_A"
"VWA",9.28625280546404e-08,0,0.611111111111111,0,0.611111111111111,5.18371897676439e-06,"Group_A"
"Guanylate_cyc",5.45567352321012e-06,0.0348209880254737,0.611111111111111,0.0476190476190476,0.563492063492063,0.000157911439199582,"Group_A"
"CH",5.80390800341502e-07,0,0.555555555555556,0,0.555555555555556,2.32602774598402e-05,"Group_A"
"DUF1768",5.80390800341502e-07,0,0.555555555555556,0,0.555555555555556,2.32602774598402e-05,"Group_A"
"HTH_Tnp_Tc3_2",5.80390800341502e-07,0,0.555555555555556,0,0.555555555555556,2.32602774598402e-05,"Group_A"
"Inhibitor_I29",5.80390800341502e-07,0,0.555555555555556,0,0.555555555555556,2.32602774598402e-05,"Group_A"
"MH1",5.80390800341502e-07,0,0.555555555555556,0,0.555555555555556,2.32602774598402e-05,"Group_A"
"MH2",5.80390800341502e-07,0,0.555555555555556,0,0.555555555555556,2.32602774598402e-05,"Group_A"
"PAN_1",5.80390800341502e-07,0,0.555555555555556,0,0.555555555555556,2.32602774598402e-05,"Group_A"
"Reprolysin",5.80390800341502e-07,0,0.555555555555556,0,0.555555555555556,2.32602774598402e-05,"Group_A"
"Hydrolase",2.20043969877802e-05,0.0528230234865035,0.611111111111111,0.0714285714285714,0.53968253968254,0.00036588162225426,"Group_A"
"AMP-binding",5.45567352321012e-06,0.0214960446622083,0.555555555555556,0.0238095238095238,0.531746031746032,0.000157911439199582,"Group_A"
"Prion",6.34293167083755e-05,Inf,0,0.523809523809524,0.523809523809524,0.000919953035982443,"Group_B"
"Prion_bPrPp",6.34293167083755e-05,Inf,0,0.523809523809524,0.523809523809524,0.000919953035982443,"Group_B"
"Ion_trans",7.11109350946024e-05,0.0715041287824959,0.611111111111111,0.0952380952380952,0.515873015873016,0.000919953035982443,"Group_A"
"Cation_ATPase_C",2.7891923604983e-05,0.0432912722362419,0.555555555555556,0.0476190476190476,0.507936507936508,0.000440354309036247,"Group_A"
"Cation_ATPase_N",2.7891923604983e-05,0.0432912722362419,0.555555555555556,0.0476190476190476,0.507936507936508,0.000440354309036247,"Group_A"
"Arf",3.28888120193518e-06,0,0.5,0,0.5,9.88561792043208e-05,"Group_A"
"DEAD",3.28888120193518e-06,0,0.5,0,0.5,9.88561792043208e-05,"Group_A"
"Forkhead",3.28888120193518e-06,0,0.5,0,0.5,9.88561792043208e-05,"Group_A"
"Frag1",3.28888120193518e-06,0,0.5,0,0.5,9.88561792043208e-05,"Group_A"
"Helicase_C",3.28888120193518e-06,0,0.5,0,0.5,9.88561792043208e-05,"Group_A"
"Ion_trans_2",3.28888120193518e-06,0,0.5,0,0.5,9.88561792043208e-05,"Group_A"
"Kunitz_BPTI",3.28888120193518e-06,0,0.5,0,0.5,9.88561792043208e-05,"Group_A"
"Nucleotid_trans",3.28888120193518e-06,0,0.5,0,0.5,9.88561792043208e-05,"Group_A"
"PAZ",3.28888120193518e-06,0,0.5,0,0.5,9.88561792043208e-05,"Group_A"
"PD40",3.28888120193518e-06,0,0.5,0,0.5,9.88561792043208e-05,"Group_A"
"Piwi",3.28888120193518e-06,0,0.5,0,0.5,9.88561792043208e-05,"Group_A"
"TMEM40",7.8305088834617e-05,Inf,0,0.5,0.5,0.000919953035982443,"Group_B"
"E1-E2_ATPase",0.00010267942387756,0.0657826602343729,0.555555555555556,0.0714285714285714,0.484126984126984,0.0011301967571875,"Group_A"
"ig",0.00010267942387756,0.0657826602343729,0.555555555555556,0.0714285714285714,0.484126984126984,0.0011301967571875,"Group_A"
"EGF",2.76652948162782e-05,0.0265758492932453,0.5,0.0238095238095238,0.476190476190476,0.000440354309036247,"Group_A"
"EGF_CA",2.76652948162782e-05,0.0265758492932453,0.5,0.0238095238095238,0.476190476190476,0.000440354309036247,"Group_A"
"LRR_8",0.000704419702356205,0.123121412362962,0.666666666666667,0.19047619047619,0.476190476190476,0.00591939782141262,"Group_A"
"PAX",2.76652948162782e-05,0.0265758492932453,0.5,0.0238095238095238,0.476190476190476,0.000440354309036247,"Group_A"
"C2",0.000127608590635084,0.0536178780162745,0.5,0.0476190476190476,0.452380952380952,0.00138508491085165,"Group_A"
"7TM_GPCR_Srsx",1.71021822500629e-05,0,0.444444444444444,0,0.444444444444444,0.000287426998460734,"Group_A"
"7TM_GPCR_Srt",1.71021822500629e-05,0,0.444444444444444,0,0.444444444444444,0.000287426998460734,"Group_A"
"7TM_GPCR_Srv",1.71021822500629e-05,0,0.444444444444444,0,0.444444444444444,0.000287426998460734,"Group_A"
"AA_permease_2",1.71021822500629e-05,0,0.444444444444444,0,0.444444444444444,0.000287426998460734,"Group_A"
"ABC_tran",1.71021822500629e-05,0,0.444444444444444,0,0.444444444444444,0.000287426998460734,"Group_A"
"Anticodon_1",1.71021822500629e-05,0,0.444444444444444,0,0.444444444444444,0.000287426998460734,"Group_A"
"ArgoN",1.71021822500629e-05,0,0.444444444444444,0,0.444444444444444,0.000287426998460734,"Group_A"
"CBM_14",1.71021822500629e-05,0,0.444444444444444,0,0.444444444444444,0.000287426998460734,"Group_A"
"CRAL_TRIO",1.71021822500629e-05,0,0.444444444444444,0,0.444444444444444,0.000287426998460734,"Group_A"
"CX",1.71021822500629e-05,0,0.444444444444444,0,0.444444444444444,0.000287426998460734,"Group_A"
"Clc-like",1.71021822500629e-05,0,0.444444444444444,0,0.444444444444444,0.000287426998460734,"Group_A"
"Col_cuticle_N",1.71021822500629e-05,0,0.444444444444444,0,0.444444444444444,0.000287426998460734,"Group_A"
"DB",1.71021822500629e-05,0,0.444444444444444,0,0.444444444444444,0.000287426998460734,"Group_A"
"DOMON",1.71021822500629e-05,0,0.444444444444444,0,0.444444444444444,0.000287426998460734,"Group_A"
"DUF1794",1.71021822500629e-05,0,0.444444444444444,0,0.444444444444444,0.000287426998460734,"Group_A"
"DUF2650",1.71021822500629e-05,0,0.444444444444444,0,0.444444444444444,0.000287426998460734,"Group_A"
"EB",1.71021822500629e-05,0,0.444444444444444,0,0.444444444444444,0.000287426998460734,"Group_A"
"F-box",1.71021822500629e-05,0,0.444444444444444,0,0.444444444444444,0.000287426998460734,"Group_A"
"GDNF",1.71021822500629e-05,0,0.444444444444444,0,0.444444444444444,0.000287426998460734,"Group_A"
"GST_C_3",1.71021822500629e-05,0,0.444444444444444,0,0.444444444444444,0.000287426998460734,"Group_A"
"Globin",1.71021822500629e-05,0,0.444444444444444,0,0.444444444444444,0.000287426998460734,"Group_A"
"Glyco_transf_92",1.71021822500629e-05,0,0.444444444444444,0,0.444444444444444,0.000287426998460734,"Group_A"
"Ground-like",1.71021822500629e-05,0,0.444444444444444,0,0.444444444444444,0.000287426998460734,"Group_A"
"Lipase_GDSL",1.71021822500629e-05,0,0.444444444444444,0,0.444444444444444,0.000287426998460734,"Group_A"
"Lustrin_cystein",1.71021822500629e-05,0,0.444444444444444,0,0.444444444444444,0.000287426998460734,"Group_A"
"Ly-6_related",1.71021822500629e-05,0,0.444444444444444,0,0.444444444444444,0.000287426998460734,"Group_A"
"MARVEL",1.71021822500629e-05,0,0.444444444444444,0,0.444444444444444,0.000287426998460734,"Group_A"
"Motile_Sperm",1.71021822500629e-05,0,0.444444444444444,0,0.444444444444444,0.000287426998460734,"Group_A"
"MtN3_slv",1.71021822500629e-05,0,0.444444444444444,0,0.444444444444444,0.000287426998460734,"Group_A"
"Neurensin",1.71021822500629e-05,0,0.444444444444444,0,0.444444444444444,0.000287426998460734,"Group_A"
"PG_binding_1",1.71021822500629e-05,0,0.444444444444444,0,0.444444444444444,0.000287426998460734,"Group_A"
"Patched",1.71021822500629e-05,0,0.444444444444444,0,0.444444444444444,0.000287426998460734,"Group_A"
"Peptidase_M23",1.71021822500629e-05,0,0.444444444444444,0,0.444444444444444,0.000287426998460734,"Group_A"
"Reeler",1.71021822500629e-05,0,0.444444444444444,0,0.444444444444444,0.000287426998460734,"Group_A"
"Ribosomal_L10",1.71021822500629e-05,0,0.444444444444444,0,0.444444444444444,0.000287426998460734,"Group_A"
"Sulfotransfer_2",1.71021822500629e-05,0,0.444444444444444,0,0.444444444444444,0.000287426998460734,"Group_A"
"TTR-52",1.71021822500629e-05,0,0.444444444444444,0,0.444444444444444,0.000287426998460734,"Group_A"
"TUDOR",1.71021822500629e-05,0,0.444444444444444,0,0.444444444444444,0.000287426998460734,"Group_A"
"Myb_DNA-bind_5",0.000495898119083919,Inf,0,0.428571428571429,0.428571428571429,0.00445453310418486,"Group_B"
"LRR_5",0.000127608590635085,0.032910795842838,0.444444444444444,0.0238095238095238,0.420634920634921,0.00138508491085165,"Group_A"
"PDZ",0.00115593671938301,0.110637246465235,0.5,0.0952380952380952,0.404761904761905,0.00966165290051147,"Group_A"
"AAA",0.000527381773910312,0.0664941706408502,0.444444444444444,0.0476190476190476,0.396825396825397,0.00455801310433729,"Group_A"
"Ank_2",0.000527381773910312,0.0664941706408502,0.444444444444444,0.0476190476190476,0.396825396825397,0.00455801310433729,"Group_A"
"Cadherin",0.000527381773910312,0.0664941706408502,0.444444444444444,0.0476190476190476,0.396825396825397,0.00455801310433729,"Group_A"
"EF-hand_7",0.000527381773910312,0.0664941706408502,0.444444444444444,0.0476190476190476,0.396825396825397,0.00455801310433729,"Group_A"
"WD40",0.000527381773910312,0.0664941706408502,0.444444444444444,0.0476190476190476,0.396825396825397,0.00455801310433729,"Group_A"
"7TM_GPCR_Srx",8.2401423568485e-05,0,0.388888888888889,0,0.388888888888889,0.000919953035982443,"Group_A"
"ABC_membrane",8.2401423568485e-05,0,0.388888888888889,0,0.388888888888889,0.000919953035982443,"Group_A"
"AMPK1_CBM",8.2401423568485e-05,0,0.388888888888889,0,0.388888888888889,0.000919953035982443,"Group_A"
"APOBEC_N",8.2401423568485e-05,0,0.388888888888889,0,0.388888888888889,0.000919953035982443,"Group_A"
"ASC",8.2401423568485e-05,0,0.388888888888889,0,0.388888888888889,0.000919953035982443,"Group_A"
"ArgoL1",8.2401423568485e-05,0,0.388888888888889,0,0.388888888888889,0.000919953035982443,"Group_A"
"C1_1",8.2401423568485e-05,0,0.388888888888889,0,0.388888888888889,0.000919953035982443,"Group_A"
"CARD",8.2401423568485e-05,0,0.388888888888889,0,0.388888888888889,0.000919953035982443,"Group_A"
"COX14",8.2401423568485e-05,0,0.388888888888889,0,0.388888888888889,0.000919953035982443,"Group_A"
"CPG4",8.2401423568485e-05,0,0.388888888888889,0,0.388888888888889,0.000919953035982443,"Group_A"
"Calponin",8.2401423568485e-05,0,0.388888888888889,0,0.388888888888889,0.000919953035982443,"Group_A"
"DHHC",8.2401423568485e-05,0,0.388888888888889,0,0.388888888888889,0.000919953035982443,"Group_A"
"DSPc",8.2401423568485e-05,0,0.388888888888889,0,0.388888888888889,0.000919953035982443,"Group_A"
"DUF148",8.2401423568485e-05,0,0.388888888888889,0,0.388888888888889,0.000919953035982443,"Group_A"
"DUF5332",8.2401423568485e-05,0,0.388888888888889,0,0.388888888888889,0.000919953035982443,"Group_A"
"E1_DerP2_DerF2",8.2401423568485e-05,0,0.388888888888889,0,0.388888888888889,0.000919953035982443,"Group_A"
"EGF_2",8.2401423568485e-05,0,0.388888888888889,0,0.388888888888889,0.000919953035982443,"Group_A"
"GTP_EFTU",8.2401423568485e-05,0,0.388888888888889,0,0.388888888888889,0.000919953035982443,"Group_A"
"GTP_EFTU_D2",8.2401423568485e-05,0,0.388888888888889,0,0.388888888888889,0.000919953035982443,"Group_A"
"Glutaredoxin",8.2401423568485e-05,0,0.388888888888889,0,0.388888888888889,0.000919953035982443,"Group_A"
"HCO3_cotransp",8.2401423568485e-05,0,0.388888888888889,0,0.388888888888889,0.000919953035982443,"Group_A"
"HH_signal",8.2401423568485e-05,0,0.388888888888889,0,0.388888888888889,0.000919953035982443,"Group_A"
"Hint",8.2401423568485e-05,0,0.388888888888889,0,0.388888888888889,0.000919953035982443,"Group_A"
"Kelch_1",8.2401423568485e-05,0,0.388888888888889,0,0.388888888888889,0.000919953035982443,"Group_A"
"MIP",8.2401423568485e-05,0,0.388888888888889,0,0.388888888888889,0.000919953035982443,"Group_A"
"Moulting_cycle",8.2401423568485e-05,0,0.388888888888889,0,0.388888888888889,0.000919953035982443,"Group_A"
"Pepsin-I3",8.2401423568485e-05,0,0.388888888888889,0,0.388888888888889,0.000919953035982443,"Group_A"
"RGS",8.2401423568485e-05,0,0.388888888888889,0,0.388888888888889,0.000919953035982443,"Group_A"
"Sarcoglycan_1",8.2401423568485e-05,0,0.388888888888889,0,0.388888888888889,0.000919953035982443,"Group_A"
"Sarcoglycan_2",8.2401423568485e-05,0,0.388888888888889,0,0.388888888888889,0.000919953035982443,"Group_A"
"SelP_N",8.2401423568485e-05,0,0.388888888888889,0,0.388888888888889,0.000919953035982443,"Group_A"
"TIL",8.2401423568485e-05,0,0.388888888888889,0,0.388888888888889,0.000919953035982443,"Group_A"
"TIMP",8.2401423568485e-05,0,0.388888888888889,0,0.388888888888889,0.000919953035982443,"Group_A"
"TSP_1",8.2401423568485e-05,0,0.388888888888889,0,0.388888888888889,0.000919953035982443,"Group_A"
"UMP1",8.2401423568485e-05,0,0.388888888888889,0,0.388888888888889,0.000919953035982443,"Group_A"
"UPF0184",8.2401423568485e-05,0,0.388888888888889,0,0.388888888888889,0.000919953035982443,"Group_A"
"UPF0240",8.2401423568485e-05,0,0.388888888888889,0,0.388888888888889,0.000919953035982443,"Group_A"
"Ank_3",0.00053949611279744,0.0410354403545277,0.388888888888889,0.0238095238095238,0.365079365079365,0.00455801310433729,"Group_A"
"Ank_4",0.00053949611279744,0.0410354403545277,0.388888888888889,0.0238095238095238,0.365079365079365,0.00455801310433729,"Group_A"
"FLYWCH",0.00053949611279744,0.0410354403545277,0.388888888888889,0.0238095238095238,0.365079365079365,0.00455801310433729,"Group_A"
"Fibrinogen_C",0.00053949611279744,0.0410354403545277,0.388888888888889,0.0238095238095238,0.365079365079365,0.00455801310433729,"Group_A"
"NHL",0.00053949611279744,0.0410354403545277,0.388888888888889,0.0238095238095238,0.365079365079365,0.00455801310433729,"Group_A"
"SH3_1",0.00053949611279744,0.0410354403545277,0.388888888888889,0.0238095238095238,0.365079365079365,0.00455801310433729,"Group_A"
"ACBP",0.000370806406058182,0,0.333333333333333,0,0.333333333333333,0.003350117992306,"Group_A"
"ARGLU",0.000370806406058182,0,0.333333333333333,0,0.333333333333333,0.003350117992306,"Group_A"
"Acetyltransf_1",0.000370806406058182,0,0.333333333333333,0,0.333333333333333,0.003350117992306,"Group_A"
"Acyl_transf_3",0.000370806406058182,0,0.333333333333333,0,0.333333333333333,0.003350117992306,"Group_A"
"ArgoL2",0.000370806406058182,0,0.333333333333333,0,0.333333333333333,0.003350117992306,"Group_A"
"ArgoMid",0.000370806406058182,0,0.333333333333333,0,0.333333333333333,0.003350117992306,"Group_A"
"COX6C",0.000370806406058182,0,0.333333333333333,0,0.333333333333333,0.003350117992306,"Group_A"
"Crust_neurohorm",0.000370806406058182,0,0.333333333333333,0,0.333333333333333,0.003350117992306,"Group_A"
"DUF2462",0.000370806406058182,0,0.333333333333333,0,0.333333333333333,0.003350117992306,"Group_A"
"DUF5346",0.000370806406058182,0,0.333333333333333,0,0.333333333333333,0.003350117992306,"Group_A"
"F5_F8_type_C",0.000370806406058182,0,0.333333333333333,0,0.333333333333333,0.003350117992306,"Group_A"
"FARP",0.000370806406058182,0,0.333333333333333,0,0.333333333333333,0.003350117992306,"Group_A"
"FYVE",0.000370806406058182,0,0.333333333333333,0,0.333333333333333,0.003350117992306,"Group_A"
"Gp-FAR-1",0.000370806406058182,0,0.333333333333333,0,0.333333333333333,0.003350117992306,"Group_A"
"HSP70",0.000370806406058182,0,0.333333333333333,0,0.333333333333333,0.003350117992306,"Group_A"
"MFP2b",0.000370806406058182,0,0.333333333333333,0,0.333333333333333,0.003350117992306,"Group_A"
"MOZ_SAS",0.000370806406058182,0,0.333333333333333,0,0.333333333333333,0.003350117992306,"Group_A"
"Methyltransf_21",0.000370806406058182,0,0.333333333333333,0,0.333333333333333,0.003350117992306,"Group_A"
"NICE-3",0.000370806406058182,0,0.333333333333333,0,0.333333333333333,0.003350117992306,"Group_A"
"PAP2_C",0.000370806406058182,0,0.333333333333333,0,0.333333333333333,0.003350117992306,"Group_A"
"Peptidase_M10",0.000370806406058182,0,0.333333333333333,0,0.333333333333333,0.003350117992306,"Group_A"
"Pro_isomerase",0.000370806406058182,0,0.333333333333333,0,0.333333333333333,0.003350117992306,"Group_A"
"RCC1",0.000370806406058182,0,0.333333333333333,0,0.333333333333333,0.003350117992306,"Group_A"
"RUN",0.000370806406058182,0,0.333333333333333,0,0.333333333333333,0.003350117992306,"Group_A"
"SH3_2",0.000370806406058182,0,0.333333333333333,0,0.333333333333333,0.003350117992306,"Group_A"
"Srg",0.000370806406058182,0,0.333333333333333,0,0.333333333333333,0.003350117992306,"Group_A"
"bZIP_2",0.000370806406058182,0,0.333333333333333,0,0.333333333333333,0.003350117992306,"Group_A"
"tRNA-synt_1g",0.000370806406058182,0,0.333333333333333,0,0.333333333333333,0.003350117992306,"Group_A"
"wnt",0.000370806406058182,0,0.333333333333333,0,0.333333333333333,0.003350117992306,"Group_A"
